ontology ID,label,INFOODs,USDA fdc id,USDA nutrient nbr
ID,,A oboInOwl:hasDbXref SPLIT=|,A oboInOwl:hasDbXref SPLIT=|,A oboInOwl:hasDbXref SPLIT=|
CDNO:0200001,chemical component concentration,,,
CDNO:0200002,water,INFOODs:WATER,USDA_fdc_id:1051,USDA_nutrient_nbr:255
CDNO:0200003,dry plant matter,INFOODs:DM|INFOODs:SOLID|INFOODs:SOLO,,
CDNO:0200004,ash,INFOODs:ASH,USDA_fdc_id:1007,USDA_nutrient_nbr:207
CDNO:0200005,carbohydrate,,USDA_fdc_id:1005|USDA_fdc_id:1050|USDA_fdc_id:1072|USDA_fdc_id:2039,USDA_nutrient_nbr:205|USDA_nutrient_nbr:205.2|USDA_nutrient_nbr:284|USDA_nutrient_nbr:956
CDNO:0200006,polysaccharide,INFOODs:POLYSAC,,
CDNO:0200007,starch,INFOODs:STARCH|INFOODs:STARCH-|INFOODs:STARCHM,USDA_fdc_id:1009,USDA_nutrient_nbr:209
CDNO:0200008,pectin,INFOODs:PECT,USDA_fdc_id:1017,USDA_nutrient_nbr:220
CDNO:0200009,amorphous cellulose,INFOODs:CELLU,USDA_fdc_id:1022,USDA_nutrient_nbr:225
CDNO:0200010,hemicellulose,INFOODs:HEMCEL,USDA_fdc_id:1021,USDA_nutrient_nbr:224
CDNO:0200011,inulin,INFOODs:INULN,USDA_fdc_id:1403,USDA_nutrient_nbr:806
CDNO:0200012,monosaccharide,INFOODs:MNSAC,,
CDNO:0200013,glucose,INFOODs:GLUS|INFOODs:GLUFB,USDA_fdc_id:1011,USDA_nutrient_nbr:211
CDNO:0200014,fructose,INFOODs:FRUS|INFOODs:FRUFB,USDA_fdc_id:1012,USDA_nutrient_nbr:212
CDNO:0200015,rhamnose,INFOODs:RHAS|INFOODs:RHAFB,,
CDNO:0200016,D-apiose,,,
CDNO:0200017,galacturonic acid,INFOODs:GALAAC,USDA_fdc_id:1034,USDA_nutrient_nbr:238
CDNO:0200715,D-galacturonic acid,,,
CDNO:0200018,fucose,INFOODs:FUCOS,,
CDNO:0200681,L-fucose,,,
CDNO:0200019,xylose,INFOODs:XYLFB,USDA_fdc_id:1074,USDA_nutrient_nbr:286
CDNO:0200682,D-xylose,,,
CDNO:0200020,arabinose,INFOODs:ARAS|INFOODs:ARAFB,USDA_fdc_id:1073,USDA_nutrient_nbr:285
CDNO:0200683,L-arabinofuranose,,,
CDNO:0200684,L-arabinopyranose,,,
CDNO:0200021,galactose,INFOODs:GALS,USDA_fdc_id:1075,USDA_nutrient_nbr:287
CDNO:0200685,lactose,INFOODs:LACS,USDA_fdc_id:1013,USDA_nutrient_nbr:213
CDNO:0200686,lactulose,,,
CDNO:0200716,6-O-α-D-glucopyranosyl-D-fructofuranose,,,
CDNO:0200022,mannose,INFOODs:MANS|INFOODs:MANFB,USDA_fdc_id:1399,USDA_nutrient_nbr:801
CDNO:0200687,D-mannose,,,
CDNO:0200023,ribose,INFOODs:RIBS,USDA_fdc_id:1081,USDA_nutrient_nbr:294
CDNO:0200024,disaccharide,INFOODs:DISAC,,
CDNO:0200025,sucrose,INFOODs:SUCS,USDA_fdc_id:1010,USDA_nutrient_nbr:210
CDNO:0200026,trehalose,INFOODs:TRES,,
CDNO:0200027,maltose,INFOODs:MALS,USDA_fdc_id:1014,USDA_nutrient_nbr:214
CDNO:0200028,oligosaccharide,INFOODs:OLSAC|INFOODs:OLSACM,USDA_fdc_id:1069|USDA_fdc_id:2064,USDA_nutrient_nbr:281
CDNO:0200029,raffinose family oligosaccharide,INFOODs:RAFS,,
CDNO:0200030,raffinose,INFOODs:RAFS,USDA_fdc_id:1076,USDA_nutrient_nbr:288
CDNO:0200031,stachyose,INFOODs:STAS|INFOODs:STASM,USDA_fdc_id:1077,USDA_nutrient_nbr:289
CDNO:0200032,verbascose,INFOODs:VERS|INFOODs:VERSM,USDA_fdc_id:2063,
CDNO:0200688,β-D-Gal-(1→3)-β-D-GlcNAc-(1→3)-β-D-Gal-(1→4)-D-Glc,,,
CDNO:0200033,available carbohydrate,INFOODs:CHOAVL|INFOODs:CHOAVL-|INFOODs:CHOAVLDF|INFOODs:CHOAVLM|INFOODs:CHOAVLO,USDA_fdc_id:1005,USDA_nutrient_nbr:205
CDNO:0200034,free sugar,INFOODs:SUGAR|INFOODs:SUGAR-|INFOODs:SUGARM,USDA_fdc_id:1063,USDA_nutrient_nbr:269.3
CDNO:0200035,dietary fibre,INFOODs:FIB-|INFOODs:FIBC|INFOODs:FIBTGLC|INFOODs:FIBDF,USDA_fdc_id:1079|USDA_fdc_id:2033,USDA_nutrient_nbr:291|USDA_nutrient_nbr:293
CDNO:0200036,soluble dietary fibre,INFOODs:FIBGLCSSOL|INFOODs:PSACNSS,USDA_fdc_id:1082|USDA_fdc_id:2035|USDA_fdc_id:2036|USDA_fdc_id:2037,USDA_nutrient_nbr:295|USDA_nutrient_nbr:293.2|USDA_nutrient_nbr:954|USDA_nutrient_nbr:953
CDNO:0200037,resistant starch,INFOODs:STARES|INFOODs:STARES1|INFOODs:STARES2|INFOODs:STARES3|INFOODs:STARES4,USDA_fdc_id:1009|USDA_fdc_id:1071,USDA_nutrient_nbr:209|USDA_nutrient_nbr:283
CDNO:0200038,insoluble dietary fibre,INFOODs:FIBGLCSINS|INFOODs:FIBC|INFOODs:FIBTGLCS|INFOODs:FIBGLCSINSOL|INFOODs:FIBINS,USDA_fdc_id:1084|USDA_fdc_id:2034,USDA_nutrient_nbr:297|USDA_nutrient_nbr:293.1
CDNO:0200039,fructan,INFOODs:FRUTN|INFOODs:FRUTNM,,
CDNO:0200040,protein,INFOODs:PROT-,USDA_fdc_id:1003,USDA_nutrient_nbr:203
CDNO:0200041,seed storage protein,INFOODs:PROTA|INFOODs:PROTPL,USDA_fdc_id:1003,USDA_nutrient_nbr:203
CDNO:0200042,albumin type,INFOODs:ALBU,,
CDNO:0200043,globulin type,INFOODs:GLOB,,
CDNO:0200044,prolamin,,,
CDNO:0200045,cruciferin,,,
CDNO:0200046,glutenin,INFOODs:GLUTN,,
CDNO:0200673,collagen,,,
CDNO:0200674,elastin,,,
CDNO:0200675,fibrin,,,
CDNO:0200676,hemoglobin,,,
CDNO:0200677,myoglobin,,,
CDNO:0200678,beta-lactoglobulin,,,
CDNO:0200679,napin,,,
CDNO:0200680,gliadin,,,
CDNO:0200047,alanine,INFOODs:ALA,USDA_fdc_id:1222,USDA_nutrient_nbr:513
CDNO:0200048,arginine,INFOODs:ARG,USDA_fdc_id:1220,USDA_nutrient_nbr:511
CDNO:0200049,asparagine,INFOODs:ASN,USDA_fdc_id:1231,USDA_nutrient_nbr:525
CDNO:0200050,aspartic acid,INFOODs:ASP,USDA_fdc_id:1223,USDA_nutrient_nbr:514
CDNO:0200051,cysteine,INFOODs:CYSTE,USDA_fdc_id:1216|USDA_fdc_id:1232,USDA_nutrient_nbr:507|USDA_nutrient_nbr:526
CDNO:0200052,glutamic acid,INFOODs:GLU,USDA_fdc_id:1224,USDA_nutrient_nbr:515
CDNO:0200053,glutamine,INFOODs:GLN,USDA_fdc_id:1233,USDA_nutrient_nbr:528
CDNO:0200054,glycine,INFOODs:GLY,USDA_fdc_id:1225,USDA_nutrient_nbr:516
CDNO:0200055,histidine,INFOODs:HIS,USDA_fdc_id:1221,USDA_nutrient_nbr:512
CDNO:0200056,hydroxyproline,INFOODs:HYP,USDA_fdc_id:1228,USDA_nutrient_nbr:521
CDNO:0200057,isoleucine,INFOODs:ILE,USDA_fdc_id:1212,USDA_nutrient_nbr:503
CDNO:0200058,leucine,INFOODs:LEU,USDA_fdc_id:1213,USDA_nutrient_nbr:504
CDNO:0200059,lysine,INFOODs:LYS,USDA_fdc_id:1214,USDA_nutrient_nbr:505
CDNO:0200060,methionine,INFOODs:MET,USDA_fdc_id:1215,USDA_nutrient_nbr:506
CDNO:0200061,phenylalanine,INFOODs:PHE,USDA_fdc_id:1217,USDA_nutrient_nbr:508
CDNO:0200062,proline,INFOODs:PRO,USDA_fdc_id:1226,USDA_nutrient_nbr:517
CDNO:0200063,serine,INFOODs:SER,USDA_fdc_id:1227,USDA_nutrient_nbr:518
CDNO:0200064,threonine,INFOODs:THR,USDA_fdc_id:1211,USDA_nutrient_nbr:502
CDNO:0200065,tryptophan,INFOODs:TRP,USDA_fdc_id:1210,USDA_nutrient_nbr:501
CDNO:0200066,tyrosine,INFOODs:TYR,USDA_fdc_id:1218,USDA_nutrient_nbr:509
CDNO:0200067,valine,INFOODs:VAL,USDA_fdc_id:1219,USDA_nutrient_nbr:510
CDNO:0200068,lipid,INFOODs:FATPL,USDA_fdc_id:1004|USDA_fdc_id:1085|USDA_fdc_id:2044,USDA_nutrient_nbr:204|USDA_nutrient_nbr:298|USDA_nutrient_nbr:950
CDNO:0200069,diglyceride,INFOODs:DGLY,,
CDNO:0200070,cis-fatty acid,INFOODs:FACIS,,
CDNO:0200071,octanoic acid,,,
CDNO:0200072,pentadecanoic acid,,,
CDNO:0200073,tetracosanoic acid,,,
CDNO:0200074,dodecanoic acid,,,
CDNO:0200075,tetradecanoic acid,,,
CDNO:0200076,hexadecanoic acid,,,
CDNO:0200077,heptadecanoic acid,,,
CDNO:0200078,octadecanoic acid,,,
CDNO:0200079,icosanoic acid,,,
CDNO:0200080,docosanoic acid,,,
CDNO:0200082,propionic acid,INFOODs:PROPAC,,
CDNO:0200083,myristoleic acid,,,
CDNO:0200084,palmitoleic acid,,,
CDNO:0200085,oleic acid,,,
CDNO:0200086,palmitelaidic acid,,,
CDNO:0200087,elaidic acid,,,
CDNO:0200088,vaccenic acid,,,
CDNO:0200089,(11Z)-icos-11-enoic acid,,,
CDNO:0200090,erucic acid,,,
CDNO:0200091,(15Z)-tetracosenoic acid,,,
CDNO:0200092,ω−3 fatty acid,,,
CDNO:0200093,"all-cis-octadeca-6,9,12,15-tetraenoic acid",,,
CDNO:0200094,"all-cis-icosa-11,14,17-trienoic acid",,,
CDNO:0200095,eicosatetraenoic acid,,,
CDNO:0200096,"6Z,9Z,12Z,15Z,18Z,21Z-tetracosahexaenoic acid",,,
CDNO:0200097,α-linolenic acid,,,
CDNO:0200098,icosapentaenoic acid,,,
CDNO:0200099,docosapentaenoic acid,,,
CDNO:0200100,docosahexaenoic acid,,,
CDNO:0200101,"9-hydroxy-5E,7Z,11Z,14Z-eicosatetraenoic acid",,,
CDNO:0200102,linolenic acid,,,
CDNO:0200103,ω−6 fatty acid,,,
CDNO:0200104,linoleic acid,,,
CDNO:0200105,"all-cis-icosa-8,11,14-trienoic acid",,,
CDNO:0200106,γ-linolenic acid,,,
CDNO:0200107,icosadienoic acid,,,
CDNO:0200108,arachidonic acid,,,
CDNO:0200109,docosadienoic acid,,,
CDNO:0200110,"7,10,13,16-docosatetraenoic acid",,,
CDNO:0200111,trans-fatty acid,INFOODs:FATRN,USDA_fdc_id:1257,USDA_nutrient_nbr:605
CDNO:0200112,capsaicin,INFOODs:CAPSA,,
CDNO:0200113,phospholipid,INFOODs:PHOLIP,USDA_fdc_id:1255,USDA_nutrient_nbr:603
CDNO:0200114,phosphatidylcholine,INFOODs:CHLNP,,
CDNO:0200115,phosphatidylethanolamine,INFOODs:PHOETHN,,
CDNO:0200116,phosphatidyl-L-serine,INFOODs:PHOSER,,
CDNO:0200117,phosphatidylinositol,INFOODs:PHOINOTL,,
CDNO:0200118,lysophosphatidylcholine,,,
CDNO:0200119,glycolipid,INFOODs:GLYLIP,USDA_fdc_id:1256,USDA_nutrient_nbr:604
CDNO:0200120,glycoglycerolipid,,,
CDNO:0200121,sterol,INFOODs:STEOTH|INFOODs:STERFRE|INFOODs:STERT,,
CDNO:0200122,campestanol,,USDA_fdc_id:1289,USDA_nutrient_nbr:642
CDNO:0200123,cholesterol,INFOODs:CHOLEST,USDA_fdc_id:1253,USDA_nutrient_nbr:601
CDNO:0200124,lupeol,,,
CDNO:0200125,phytosterols,INFOODs:PHYSTR,USDA_fdc_id:1283,USDA_nutrient_nbr:636
CDNO:0200126,avenasterol,INFOODs:AVEDT,,
CDNO:0200127,isofucosterol,INFOODs:AVED5,USDA_fdc_id:1296,USDA_nutrient_nbr:649
CDNO:0200128,delta7-avenasterol,INFOODs:AVED7,USDA_fdc_id:1295,USDA_nutrient_nbr:648
CDNO:0200129,brassicasterol,INFOODs:BRASTR,USDA_fdc_id:1287,USDA_nutrient_nbr:640
CDNO:0200130,campesterol,INFOODs:CAMT,USDA_fdc_id:1286,USDA_nutrient_nbr:639
CDNO:0200131,ergosterol,INFOODs:ERGSTR,USDA_fdc_id:1284,USDA_nutrient_nbr:637
CDNO:0200132,sitosterol,INFOODs:SITSTR,,
CDNO:0200133,stigmastanol,,,
CDNO:0200134,stigmasterol,INFOODs:STGSTR,USDA_fdc_id:1285,USDA_nutrient_nbr:638
CDNO:0200135,delta7-stigmasterol,INFOODs:STID7,,
CDNO:0200520,isoprenoid,,,
CDNO:0200521,terpene,,,
CDNO:0200522,tetraterpene,,,
CDNO:0200523,carotene,,USDA_fdc_id:1157,USDA_nutrient_nbr:393
CDNO:0200524,tetraterpenoid,,,
CDNO:0200136,mineral nutrient,,USDA_fdc_id:2043,USDA_nutrient_nbr:300
CDNO:0200137,macro element,,,
CDNO:0200544,dietary calcium,,USDA_fdc_id:1087,USDA_nutrient_nbr:301
CDNO:0200138,calcium(2+),INFOODs:CA,USDA_fdc_id:1087,USDA_nutrient_nbr:301
CDNO:0200545,inorganic calcium salt,,,
CDNO:0200546,calcium dichloride,,,
CDNO:0200547,calcium carbonate,,,
CDNO:0200548,calcium difluoride,,,
CDNO:0200549,calcium sulfate,,,
CDNO:0200550,calcium phosphate,,,
CDNO:0200551,calcium hydroxide,,,
CDNO:0200552,calcium hypochlorite,,,
CDNO:0200553,calcium silicate,,,
CDNO:0200554,organic calcium salt,,,
CDNO:0200555,calcium citrate,,,
CDNO:0200556,calcium glycerophosphate,,,
CDNO:0200557,calcium stearate,,,
CDNO:0200558,organic calcium compound,,,
CDNO:0200559,dietary chlorine,,USDA_fdc_id:1088,USDA_nutrient_nbr:302
CDNO:0200139,chloride,INFOODs:CLD,,
CDNO:0200560,inorganic chloride,,,
CDNO:0200563,magnesium dichloride,,,
CDNO:0200564,potassium chloride,,,
CDNO:0200565,lithium chloride,,,
CDNO:0200566,organic chloride salt,,,
CDNO:0200567,organochlorine compound,,,
CDNO:0200568,hydrogen chloride,,,
CDNO:0200569,hypochlorite,,,
CDNO:0200570,dietary magnesium,,USDA_fdc_id:1090,USDA_nutrient_nbr:304
CDNO:0200140,magnesium(2+),,,
CDNO:0200571,inorganic magnesium salt,,,
CDNO:0200573,magnesium phosphate,,,
CDNO:0200574,magnesium hydroxide,,,
CDNO:0200575,organic magnesium salt,,,
CDNO:0200576,magnesium distearate,,,
CDNO:0200577,magnesium carbonate,,,
CDNO:0200141,nitrogen atom,INFOODs:NAM|INFOODs:NT,USDA_fdc_id:1002,USDA_nutrient_nbr:202
CDNO:0200578,dietary phosphorus,,USDA_fdc_id:1091,USDA_nutrient_nbr:305
CDNO:0200142,phosphide(3−),,,
CDNO:0200579,phosphoric acid,,,
CDNO:0200580,inorganic phosphate salt,,,
CDNO:0200581,sodium phosphate,,,
CDNO:0200582,tripotassium phosphate,,,
CDNO:0200583,iron(3+) phosphate,,,
CDNO:0200584,organic phosphate salt,,,
CDNO:0200585,organic phosphate compound,,,
CDNO:0200590,3-sn-phosphatidyl-L-serine,,,
CDNO:0200592,dietary potassium,,USDA_fdc_id:1092,USDA_nutrient_nbr:306
CDNO:0200143,potassium(1+),INFOODs:K,USDA_fdc_id:1092,USDA_nutrient_nbr:306
CDNO:0200593,inorganic potassium salt,,,
CDNO:0200595,potassium sulfate,,,
CDNO:0200596,organic potassium salt,,,
CDNO:0200597,potassium formate,,,
CDNO:0200598,potassium bitartrate,,,
CDNO:0200599,dietary sodium,,USDA_fdc_id:1093,USDA_nutrient_nbr:307
CDNO:0200144,sodium(1+),INFOODs:NA,USDA_fdc_id:1093,USDA_nutrient_nbr:307
CDNO:0200600,inorganic sodium salt,,,
CDNO:0200602,sodium hydrogencarbonate,,,
CDNO:0200603,sodium sulfate,,,
CDNO:0200604,sodium hydrogensulfite,,,
CDNO:0200605,sodium borohydride,,,
CDNO:0200606,sodium bromate,,,
CDNO:0200607,sodium chlorate,,,
CDNO:0200608,sodium cyanide,,,
CDNO:0200609,sodium fluoride,,,
CDNO:0200610,sodium hydroxide,,,
CDNO:0200611,Sodium iodate,,,
CDNO:0200612,sodium nitrate,,,
CDNO:0200613,organic sodium salt,,,
CDNO:0200614,sodium oxalate,,,
CDNO:0200615,sodium L-tartrate,,,
CDNO:0200616,sodium formate,,,
CDNO:0200617,sodium phenolate,,,
CDNO:0200618,sodium citrate,,,
CDNO:0200619,dietary sulfur,,USDA_fdc_id:1094,USDA_nutrient_nbr:308
CDNO:0200145,sulfide(2−),INFOODs:S,USDA_fdc_id:1094,USDA_nutrient_nbr:308
CDNO:0200620,sulfite,,,
CDNO:0200621,inorganic sulfate salt,,,
CDNO:0200622,magnesium sulfate,,,
CDNO:0200623,iron(2+) sulfate (anhydrous),,,
CDNO:0200625,copper(II) sulfate,,,
CDNO:0200626,organic sulfate,,,
CDNO:0200627,organosulfur compound,,,
CDNO:0200628,thiol,,,
CDNO:0200629,glutathione,,USDA_fdc_id:2069,USDA_nutrient_nbr:961
CDNO:0200630,sulfonyldimethane,,,
CDNO:0200631,dimethyl sulfoxide,,,
CDNO:0200632,cysteine,,USDA_fdc_id:1232,USDA_nutrient_nbr:526
CDNO:0200633,methionine,,USDA_fdc_id:1215,USDA_nutrient_nbr:506
CDNO:0200634,glycosinolate,,,
CDNO:0200635,sinigrin,,,
CDNO:0200636,isothiocyanate,,,
CDNO:0200637,allyl isothiocyanate,,,
CDNO:0200638,sulfur dioxide,,,
CDNO:0200146,trace element,,,
CDNO:0200147,aluminium(3+),INFOODs:AL,USDA_fdc_id:1132,USDA_nutrient_nbr:348
CDNO:0200148,antimony(3+),INFOODs:SB,USDA_fdc_id:1133,USDA_nutrient_nbr:349
CDNO:0200149,arsenic(3+),INFOODs:AS,USDA_fdc_id:1134,USDA_nutrient_nbr:350
CDNO:0200150,boron(3+),INFOODs:B,USDA_fdc_id:1137,USDA_nutrient_nbr:354
CDNO:0200151,cadmium(2+),INFOODs:CD,USDA_fdc_id:1139,USDA_nutrient_nbr:356
CDNO:0200639,dietary chromium,,USDA_fdc_id:1096,USDA_nutrient_nbr:310
CDNO:0200152,chromium(2+),INFOODs:CR,USDA_fdc_id:1096,USDA_nutrient_nbr:310
CDNO:0200640,inorganic chromium salt,,,
CDNO:0200641,organic chromium salt,,,
CDNO:0200153,cobalt(2+),INFOODs:CO,USDA_fdc_id:1097,USDA_nutrient_nbr:311
CDNO:0200642,dietary copper,,USDA_fdc_id:1098,USDA_nutrient_nbr:312
CDNO:0200154,copper(2+),INFOODs:CU,USDA_fdc_id:1098,USDA_nutrient_nbr:312
CDNO:0200643,inorganic copper salt,,,
CDNO:0200644,organic copper salt,,,
CDNO:0200645,dietary fluorine,,USDA_fdc_id:1099,USDA_nutrient_nbr:313
CDNO:0200155,fluoride,INFOODs:FD,USDA_fdc_id:1099,USDA_nutrient_nbr:313
CDNO:0200646,inorganic fluoride salt,,,
CDNO:0200647,organic fluoride salt,,,
CDNO:0200648,dietary iodine,,USDA_fdc_id:1100,USDA_nutrient_nbr:314
CDNO:0200156,iodide,INFOODs:ID,USDA_fdc_id:1100,USDA_nutrient_nbr:314
CDNO:0200649,inorganic iodine salt,,,
CDNO:0200650,organic iodine salt,,,
CDNO:0200651,dietary iron,,USDA_fdc_id:1089,USDA_nutrient_nbr:303
CDNO:0200157,iron(2+),INFOODs:FE,USDA_fdc_id:1089,USDA_nutrient_nbr:303
CDNO:0200652,inorganic iron salt,,,
CDNO:0200653,iron(2+) sulfate (anhydrous),,,
CDNO:0200654,organic iron salt,,,
CDNO:0200655,organic iron compound,,,
CDNO:0200656,ferric ammonium citrate,,,
CDNO:0200158,lead(2+),INFOODs:PB,USDA_fdc_id:1143,USDA_nutrient_nbr:367
CDNO:0200159,lithium(1+),INFOODs:LI,USDA_fdc_id:1144,USDA_nutrient_nbr:368
CDNO:0200657,dietary manganese,,USDA_fdc_id:1101,USDA_nutrient_nbr:315
CDNO:0200160,manganese atom,INFOODs:MN,USDA_fdc_id:1101,USDA_nutrient_nbr:315
CDNO:0200658,manganese(3+),,,
CDNO:0200659,inorganic manganese salt,,,
CDNO:0200660,organic manganese salt,,,
CDNO:0200161,mercury(2+),INFOODs:HG,USDA_fdc_id:1145,USDA_nutrient_nbr:370
CDNO:0200661,dietary molybdenum ,,USDA_fdc_id:1102,USDA_nutrient_nbr:316
CDNO:0200162,molybdenum(4+),INFOODs:MO,USDA_fdc_id:1102,USDA_nutrient_nbr:316
CDNO:0200662,molybdenum(6+),,,
CDNO:0200663,inorganic molybdenum salt,,,
CDNO:0200664,organic molybdenum salt,,,
CDNO:0200163,nickel(2+),INFOODs:NI,USDA_fdc_id:1146,USDA_nutrient_nbr:371
CDNO:0200164,rubidium(1+),INFOODs:RB,USDA_fdc_id:1147,USDA_nutrient_nbr:373
CDNO:0200665,dietary selenium,,USDA_fdc_id:1103,USDA_nutrient_nbr:317
CDNO:0200165,selenium(2+),INFOODs:SE,USDA_fdc_id:1103,USDA_nutrient_nbr:317
CDNO:0200666,selenium(4+),,,
CDNO:0200667,selenium(6+),,,
CDNO:0200668,inorganic selenium salt,,,
CDNO:0200669,organic selenium salt,,,
CDNO:0200166,strontium(2+),INFOODs:SR,USDA_fdc_id:1152,USDA_nutrient_nbr:380
CDNO:0200167,tin(2+),INFOODs:SN,USDA_fdc_id:1153,USDA_nutrient_nbr:385
CDNO:0200168,titanium(3+),INFOODs:TI,USDA_fdc_id:1154,USDA_nutrient_nbr:386
CDNO:0200169,vanadium(2+),INFOODs:V,USDA_fdc_id:1155,USDA_nutrient_nbr:389
CDNO:0200670,dietary zinc,,USDA_fdc_id:1095,USDA_nutrient_nbr:309
CDNO:0200170,zinc(2+),INFOODs:ZN,USDA_fdc_id:1095,USDA_nutrient_nbr:309
CDNO:0200671,inorganic zinc salt,,,
CDNO:0200672,organic zinc salt,,,
CDNO:0200171,barium(2+),INFOODs:BA,USDA_fdc_id:1135,USDA_nutrient_nbr:351
CDNO:0200172,caesium(1+),INFOODs:CS,,
CDNO:0200173,bismuth(3+),INFOODs:BI,,
CDNO:0200174,lanthanum(2+),INFOODs:LA,,
CDNO:0200175,salt,INFOODs:NACL,USDA_fdc_id:1149,USDA_nutrient_nbr:375
CDNO:0200176,sodium chloride,,,
CDNO:0200177,inorganic nitrate salt,INFOODs:NITRA|INFOODs:NITRI,,
CDNO:0200178,bromide,INFOODs:BRD,USDA_fdc_id:1138,USDA_nutrient_nbr:355
CDNO:0200525,methylmercury compound,,,
CDNO:0200179,vitamin (molecular entity),,USDA_fdc_id:2046,USDA_nutrient_nbr:952
CDNO:0200181,5-formyltetrahydrofolic acid,,USDA_fdc_id:1192,USDA_nutrient_nbr:437
CDNO:0200182,B vitamin,,,
CDNO:0200183,"(6R)-5,10-methenyltetrahydrofolate",,,
CDNO:0200184,vitamin B1,INFOODs:THIA-,USDA_fdc_id:1165,USDA_nutrient_nbr:404
CDNO:0200526,thiamine hydrochloride,INFOODs:THIAHCL,,
CDNO:0200527,vitamin B2,,,
CDNO:0200185,riboflavin,INFOODs:RIBF,USDA_fdc_id:1166,USDA_nutrient_nbr:405
CDNO:0200528,vitamin B3,,USDA_fdc_id:1167,USDA_nutrient_nbr:406
CDNO:0200186,nicotinic acid,INFOODs:NIA-,USDA_fdc_id:1167,USDA_nutrient_nbr:406
CDNO:0200529,vitamin B5,,,
CDNO:0200187,(R)-pantothenic acid,INFOODs:PANTAC,USDA_fdc_id:1170,USDA_nutrient_nbr:410
CDNO:0200530,vitamin B6,INFOODs:VITB6-,USDA_fdc_id:1175,USDA_nutrient_nbr:415
CDNO:0200188,pyridoxine,INFOODs:PYRXN,USDA_fdc_id:1171,USDA_nutrient_nbr:411
CDNO:0200531,vitamin B7,,,
CDNO:0200189,biotin,INFOODs:BIOT,USDA_fdc_id:1176,USDA_nutrient_nbr:416
CDNO:0200532,vitamin B9,,USDA_fdc_id:1177|USDA_fdc_id:1187,USDA_nutrient_nbr:417|USDA_nutrient_nbr:432
CDNO:0200190,folic acid,INFOODs:FOLAC,USDA_fdc_id:1186,USDA_nutrient_nbr:431
CDNO:0200533,tetrahydrofolate,INFOODs:FOLH4,,
CDNO:0200534,vitamin B12,INFOODs:VITB12,USDA_fdc_id:1178,USDA_nutrient_nbr:418
CDNO:0200191,cyanocob(III)alamin,,,
CDNO:0200192,vitamin C,INFOODs:VITC|INFOODs:VITC-,USDA_fdc_id:1162,USDA_nutrient_nbr:401
CDNO:0200193,L-ascorbic acid,INFOODs:ASCL,USDA_fdc_id:1162,USDA_nutrient_nbr:401
CDNO:0200195,vitamin A,INFOODs:VITA|INFOODs:VITA-|INFOODs:VITAA,USDA_fdc_id:1104|USDA_fdc_id:1106|USDA_fdc_id:1156|USDA_fdc_id:2067,USDA_nutrient_nbr:318|USDA_nutrient_nbr:320|USDA_nutrient_nbr:392|USDA_nutrient_nbr:960
CDNO:0200535,all-trans-retinol,,,
CDNO:0200196,carotenoid,INFOODs:CARTOID,,
CDNO:0200197,α-carotene,INFOODs:CARTA,USDA_fdc_id:1108,USDA_nutrient_nbr:322
CDNO:0200198,β-carotene,INFOODs:CARTB,USDA_fdc_id:1107,USDA_nutrient_nbr:321
CDNO:0200199,4-hydroxy-all-trans-β-carotene,INFOODs:CARTB,USDA_fdc_id:2028,USDA_nutrient_nbr:321.2
CDNO:0200200,9-cis-β-carotene,INFOODs:CARTBCIS,USDA_fdc_id:1159,USDA_nutrient_nbr:321.1
CDNO:0200201,vitamin D,INFOODs:VITD|INFOODs:VITD-,USDA_fdc_id:1110|USDA_fdc_id:1114,USDA_nutrient_nbr:324|USDA_nutrient_nbr:328
CDNO:0200536,D3 vitamins,,USDA_fdc_id:1112,USDA_nutrient_nbr:326
CDNO:0200202,calcidiol,,USDA_fdc_id:1113,USDA_nutrient_nbr:327
CDNO:0200537,calciol,,,
CDNO:0200539,vitamin D2,,USDA_fdc_id:1111,USDA_nutrient_nbr:325
CDNO:0200540,vitamin D4,,USDA_fdc_id:2059,
CDNO:0200541,vitamin D5,,,
CDNO:0200203,vitamin E,INFOODs:VITE|INFOODs:VITE-|INFOODs:VITEA,USDA_fdc_id:1124|USDA_fdc_id:1158|USDA_fdc_id:2068,USDA_nutrient_nbr:340|USDA_nutrient_nbr:394|USDA_nutrient_nbr:959
CDNO:0200204,tocopherol,INFOODs:TOCPHT,USDA_fdc_id:2055,
CDNO:0200205,α-tocopherol,INFOODs:TOCPHA,USDA_fdc_id:1109,USDA_nutrient_nbr:323
CDNO:0200206,β-tocopherol,INFOODs:TOCPHB,USDA_fdc_id:1125,USDA_nutrient_nbr:341
CDNO:0200207,γ-tocopherol,INFOODs:TOCPHG,USDA_fdc_id:1126,USDA_nutrient_nbr:342
CDNO:0200208,δ-tocopherol,INFOODs:TOCPHD,USDA_fdc_id:1127,USDA_nutrient_nbr:343
CDNO:0200209,tocotrienol,INFOODs:TOCTRT,USDA_fdc_id:2054,
CDNO:0200210,α-tocotrienol,INFOODs:TOCTRA,USDA_fdc_id:1128,USDA_nutrient_nbr:344
CDNO:0200211,β-tocotrienol,INFOODs:TOCTRB,USDA_fdc_id:1129,USDA_nutrient_nbr:345
CDNO:0200212,γ-tocotrienol,INFOODs:TOCTRG,USDA_fdc_id:1130,USDA_nutrient_nbr:346
CDNO:0200213,δ-tocotrienol,INFOODs:TOCTRD,USDA_fdc_id:1131,USDA_nutrient_nbr:347
CDNO:0200214,vitamin K,INFOODs:VITK,USDA_fdc_id:1183|USDA_fdc_id:1184,USDA_nutrient_nbr:428|USDA_nutrient_nbr:429
CDNO:0200541,menadione,,,
CDNO:0200542,menaquinone,INFOODs:MK4|INFOODs:MK5|INFOODs:MK6|INFOODs:MK7|INFOODs:MK8|INFOODs:MK9,USDA_fdc_id:1183,USDA_nutrient_nbr:428
CDNO:0200543,phylloquinone,,USDA_fdc_id:1185,USDA_nutrient_nbr:430
CDNO:0200215,plant secondary metabolite,,,
CDNO:0200216,alkaloid,,,
CDNO:0200217,caffeine,INFOODs:CAFFN,USDA_fdc_id:1057,USDA_nutrient_nbr:262
CDNO:0200218,mescaline,,,
CDNO:0200219,theobromine,INFOODs:THEBRN,USDA_fdc_id:1058,USDA_nutrient_nbr:263
CDNO:0200220,phenols,,,
CDNO:0200735,stilbenol ,,,
CDNO:0200736,pinosylvin,,,
CDNO:0200737,resveratrol sulfate,,,
CDNO:0200738,guaiacol,,,
CDNO:0200739,(E)-sinapaldehyde,,,
CDNO:0200740,4-hydroxyphenylacetic acid,,,
CDNO:0200741,hydroxybenzaldehyde,,,
CDNO:0200742,4-hydroxybenzaldehyde,,,
CDNO:0200743,benzenetriol,,,
CDNO:0200744,digallic acid,,,
CDNO:0200745,pyrogallol,,,
CDNO:0200746,Dodecyl gallate,,,
CDNO:0200747,trans-2-coumaric acid,,,
CDNO:0200748,vanillin,,,
CDNO:0200749,eugenol,,,
CDNO:0200750,benzenediols,,,
CDNO:0200751,"3,4-dihydroxybenzaldehyde",,,
CDNO:0200752,5-heptadecylresorcinol,,,
CDNO:0200753,5-tricosylresorcinol,,,
CDNO:0200754,cardol,,,
CDNO:0200755,"3,5-dihydroxybenzoic acid",,,
CDNO:0200756,"2',4'-dihydroxyacetophenone",,,
CDNO:0200757,hydroquinone,,,
CDNO:0200758,dopamine,,,
CDNO:0200759,resorcinol,,,
CDNO:0200760,2-(4-hydroxyphenyl)ethanol,,USDA_fdc_id:1206,USDA_nutrient_nbr:466
CDNO:0200761,4-hydroxystyrene,,,
CDNO:0200762,2-methoxy-4-vinylphenol,,,
CDNO:0200763,(−)-lariciresinol,,,
CDNO:0200764,(+)-lariciresinol,,,
CDNO:0200765,Sesamolinol,,,
CDNO:0200766,2-O-sulfate-4-hydroxyacetophenone,,,
CDNO:0200767,"2,3-dihydrobiochanin A",,,
CDNO:0200768,4-hydroxymandelic acid,,,
CDNO:0200769,vestitone,,,
CDNO:0200770,3-hydroxyphenylacetic acid,,,
CDNO:0200771,(2-hydroxyphenyl)acetic acid,,,
CDNO:0200772,Paeonol,,,
CDNO:0200773,m-hydroxyhippuric acid,,,
CDNO:0200774,3-(3-hydroxyphenyl)-3-hydroxypropanoic acid,,,
CDNO:0200775,deoxyhumulone,,,
CDNO:0200776,tyramine,,,
CDNO:0200777,3-(2-hydroxyphenyl)propanoic acid,,,
CDNO:0200778,kievitone,,,
CDNO:0200779,vanillyl alcohol,,,
CDNO:0200780,vanillylmandelic acid,,,
CDNO:0200221,polyphenol,INFOODs:POLYPHENT,USDA_fdc_id:1209,USDA_nutrient_nbr:470
CDNO:0200720,"8,5'-diferulic acid",,,
CDNO:0200721,piceatannol,,,
CDNO:0200722,acteoside,,,
CDNO:0200723,pelargonin,,,
CDNO:0200724,(+)-pinoresinol,,,
CDNO:0200725,(-)-secoisolariciresinol,,,
CDNO:0200726,demethoxycurcumin,,,
CDNO:0200727,(-)-matairesinol,,,
CDNO:0200728,bisdemethoxycurcumin,,,
CDNO:0200729,(+)-catechin-3'-methyl ether,,,
CDNO:0200730,4'-O-methyl-(−)-epicatechin,,,
CDNO:0200731,curcumin,,,
CDNO:0200732,"(2-cis,6-cis)-farnesol",,,
CDNO:0200733,(E)-trans-miyabenol C,,,
CDNO:0200734,trans-rhaponticin,,,
CDNO:0200222,tannin,INFOODs:TAN,,
CDNO:0200223,chlorogenic acid,INFOODs:CHLRAC,USDA_fdc_id:1030,USDA_nutrient_nbr:234
CDNO:0200224,proanthocyanidin,INFOODs:TAN|INFOODs:PAPOLY,,
CDNO:0200225,hydrolysable tannin,INFOODs:TAN,,
CDNO:0200226,ellagitannin,INFOODs:ELLAC,,
CDNO:0200227,gallotannin,,,
CDNO:0200228,phlorotannin,,,
CDNO:0200229,catechol,,,
CDNO:0200230,phloroglucinol,,,
CDNO:0200231,(−)-epigallocatechin 3-gallate,INFOODs:EPICATEGC,USDA_fdc_id:1368,USDA_nutrient_nbr:753
CDNO:0200232,phenolic acid,,USDA_fdc_id:1208,USDA_nutrient_nbr:469
CDNO:0200233,gallic acid,INFOODs:GALLAC,USDA_fdc_id:1035,USDA_nutrient_nbr:239
CDNO:0200234,hydroxybenzoic acid,,,
CDNO:0200235,salicylic acid,INFOODs:SALAC,USDA_fdc_id:1045,USDA_nutrient_nbr:249
CDNO:0200236,hydroquinone O-β-D-glucopyranoside,,,
CDNO:0200237,vanillic acid,INFOODs:VANAC,USDA_fdc_id:1207,USDA_nutrient_nbr:467
CDNO:0200238,syringic acid,INFOODs:SYRAC,,
CDNO:0200239,methyl ketone,,,
CDNO:0200240,acetophenone,,,
CDNO:0200241,phenylacetic acid,,,
CDNO:0200242,hydroxycinnamic acid,,,
CDNO:0200243,caffeic acid,INFOODs:CAFFAC,USDA_fdc_id:1201,USDA_nutrient_nbr:461
CDNO:0200244,sinapic acid,INFOODs:SINPAC,,
CDNO:0200245,chromones,,,
CDNO:0200246,Chicoric acid,,,
CDNO:0200247,coumaric acid,,,
CDNO:0200248,4-coumaric acid,INFOODs:PCHOUAC,,
CDNO:0200249,2-coumaric acid,,,
CDNO:0200250,3-coumaric acid,,,
CDNO:0200251,ferulic acid,INFOODs:FERAC,USDA_fdc_id:1204,USDA_nutrient_nbr:464
CDNO:0200252,scopoletin,,,
CDNO:0200253,phenylpropane,,,
CDNO:0200254,naphthoquinone,,,
CDNO:0200255,"1,2-napthoquinone",,,
CDNO:0200256,"1,4-napthoquinone",,,
CDNO:0200257,juglone,,,
CDNO:0200258,stilbenoid,,,
CDNO:0200259,stilbene,,,
CDNO:0200260,anthraquinone,,,
CDNO:0200261,aglycone,,,
CDNO:0200262,emodin,,,
CDNO:0200263,xanthones,,,
CDNO:0200264,simple oxygenated xanthones,,,
CDNO:0200265,xanthone glycoside,,,
CDNO:0200266,prenylated and related xanthones,,,
CDNO:0200267,xanthonolignoid,,,
CDNO:0200268,flavonoids,INFOODs:FLAVD,USDA_fdc_id:1347,USDA_nutrient_nbr:729
CDNO:0200269,flavonoid,INFOODs:FLAVD,,
CDNO:0200270,malvidin,INFOODs:MALVIDIN,USDA_fdc_id:1358,USDA_nutrient_nbr:742
CDNO:0200271,kaempferol,INFOODs:KAEMF,USDA_fdc_id:1388,USDA_nutrient_nbr:786
CDNO:0200272,flavan,,USDA_fdc_id:1362,USDA_nutrient_nbr:747
CDNO:0200273,flavanone,,USDA_fdc_id:1372,USDA_nutrient_nbr:757
CDNO:0200274,6-prenylnaringenin,,,
CDNO:0200275,sophoraflavanone B,,,
CDNO:0200276,eriocitrin,,,
CDNO:0200277,eriodictyol,,USDA_fdc_id:1373,USDA_nutrient_nbr:758
CDNO:0200278,hesperetin,INFOODs:HESPT,USDA_fdc_id:1374,USDA_nutrient_nbr:759
CDNO:0200279,hesperidin,INFOODs:HESPD,,
CDNO:0200280,homoeriodictyol,,,
CDNO:0200281,"4'-methoxy-5,7-dihydroxyflavanone",,USDA_fdc_id:1375,USDA_nutrient_nbr:760
CDNO:0200282,naringenin,INFOODs:NARING,USDA_fdc_id:1377,USDA_nutrient_nbr:762
CDNO:0200283,naringin,INFOODs:NARIN,,
CDNO:0200284,narirutin,INFOODs:NARIR,,
CDNO:0200285,neoeriocitrin,,,
CDNO:0200286,neohesperidin,,,
CDNO:0200287,pinocembrin,,,
CDNO:0200288,(2S)-poncirin,,,
CDNO:0200289,sakuranetin,,,
CDNO:0200290,flavone,,USDA_fdc_id:1378,USDA_nutrient_nbr:768
CDNO:0200291,6-hydroxyluteolin,,,
CDNO:0200292,6-hydroxyluteolin 7-O-laminaribioside,,,
CDNO:0200293,"4',7-dihydroxyflavone",,,
CDNO:0200294,apigenin,INFOODs:APIGEN,USDA_fdc_id:1379,USDA_nutrient_nbr:770
CDNO:0200295,baicalein,,,
CDNO:0200296,chrysin,,,
CDNO:0200297,cirsilineol,,,
CDNO:0200298,cirsimaritin,,,
CDNO:0200299,diosmin,,,
CDNO:0200300,dihydromyricetin,,,
CDNO:0200301,eupatorin,,,
CDNO:0200302,gardenin B,,,
CDNO:0200303,geraldone,,,
CDNO:0200304,hispidulin,,,
CDNO:0200305,isovitexin,,,
CDNO:0200306,jaceosidin,,,
CDNO:0200307,luteolin,INFOODs:LUTEOL,USDA_fdc_id:1382,USDA_nutrient_nbr:773
CDNO:0200308,luteolin 7-O-β-D-glucoside(1−),,,
CDNO:0200309,myricitrin,,,
CDNO:0200310,nobiletin,,USDA_fdc_id:1383,USDA_nutrient_nbr:781
CDNO:0200311,quercetin,INFOODs:QUERCE,USDA_fdc_id:1391,USDA_nutrient_nbr:789
CDNO:0200312,apigenin 7-O-neohesperidoside,,,
CDNO:0200313,scutellarein,,,
CDNO:0200314,sinensetin,,USDA_fdc_id:1384,USDA_nutrient_nbr:782
CDNO:0200315,tangeretin,INFOODs:TANGER,USDA_fdc_id:1385,USDA_nutrient_nbr:783
CDNO:0200316,vitexin,,,
CDNO:0200317,dihydroflavonols,,,
CDNO:0200318,hydroxyflavan,,,
CDNO:0200319,catechin,INFOODs:CATEC|INFOODs:CATECT,USDA_fdc_id:1363|USDA_fdc_id:1364,USDA_nutrient_nbr:748|USDA_nutrient_nbr:749
CDNO:0200320,(+)-catechin 3-O-gallate,,,
CDNO:0200321,(+)-gallocatechin,INFOODs:GALCATEGC,,
CDNO:0200322,(-)-epicatechin,INFOODs:EPICATEC,,
CDNO:0200323,(+)-epicatechin,INFOODs:EPICATEC,,
CDNO:0200324,(-)-gallocatechin,INFOODs:GALCATEGC,,
CDNO:0200325,(-)-epicatechin-3-O-gallate,INFOODs:EPICATECG3,,
CDNO:0200326,(-)-epigallocatechin,INFOODs:EPICATEGC,,
CDNO:0200327,3'-O-methylepicatechin,,,
CDNO:0200328,4'-O-methylepigallocatechin-3-O-gallate,,,
CDNO:0200329,4'-O-methylepigallocatechin,,,
CDNO:0200331,cinnamtannin A2,,,
CDNO:0200332,procyanidin,INFOODs:PROCYA,,
CDNO:0200333,procyanidin B1,,,
CDNO:0200334,procyanidin B2,,,
CDNO:0200335,procyanidin B3,,,
CDNO:0200336,procyanidin B4,,,
CDNO:0200337,procyanidin B5,,,
CDNO:0200338,procyanidin B6,,,
CDNO:0200339,procyanidin C1,,,
CDNO:0200340,procyanidin C2,,,
CDNO:0200341,theaflavin,,USDA_fdc_id:1370,USDA_nutrient_nbr:755
CDNO:0200342,peltogynoid,,,
CDNO:0200343,dihydrochalcones,,,
CDNO:0200344,3-hydroxyphloretin 2'-O-xylosylglucoside,,,
CDNO:0200345,phloretin,,,
CDNO:0200346,phlorizin,,,
CDNO:0200347,chalcones,,,
CDNO:0200348,butein,,,
CDNO:0200349,xanthohumol,,,
CDNO:0200350,aurone,,,
CDNO:0200351,anthocyanidin,INFOODs:ANTCYAN,USDA_fdc_id:1348,USDA_nutrient_nbr:730
CDNO:0200352,cyanidin cation,INFOODs:CYAD,USDA_fdc_id:1349,USDA_nutrient_nbr:731
CDNO:0200353,cyanidin 3-O-β-D-galactoside chloride,,,
CDNO:0200354,cyanidin 3-O-rutinoside,,,
CDNO:0200355,cyanidin 3-O-β-D-sambubioside,,,
CDNO:0200356,Cyanidin 3-O-sophoroside,,,
CDNO:0200357,isopeonidin 3-rutinoside,,,
CDNO:0200358,pelargonidin,,USDA_fdc_id:1359,USDA_nutrient_nbr:743
CDNO:0200359,pelargonidin 3-O-rutinoside,,,
CDNO:0200360,anthocyanin,,,
CDNO:0200361,anthocyanin chlorides,,,
CDNO:0200362,cyanidin 3-O-β-D-galactoside chloride,,,
CDNO:0200363,cyanidin 3-O-rutinoside chloride,,,
CDNO:0200364,cyanin chloride,,,
CDNO:0200365,pelargonidin 3-O-β-D-glucoside chloride,,,
CDNO:0200366,β-D-glucoside,,,
CDNO:0200367,delphinidin 3-O-β-D-glucoside,,,
CDNO:0200368,petunidin 3-O-β-D-glucoside,,,
CDNO:0200369,malvidin 3-O-β-D-glucoside,,,
CDNO:0200370,isoflavonoid,INFOODs:ISOFLVND,,
CDNO:0200371,isoflavans,,,
CDNO:0200372,isoflavanone,,,
CDNO:0200373,isoflavones,,USDA_fdc_id:1343,USDA_nutrient_nbr:713
CDNO:0200374,hydroxyisoflavone,,,
CDNO:0200375,daidzein,INFOODs:DDZEIN,USDA_fdc_id:1340,USDA_nutrient_nbr:710
CDNO:0200376,genistein,INFOODs:GNSTEIN,USDA_fdc_id:1341,USDA_nutrient_nbr:711
CDNO:0200377,glycitein,INFOODs:GLYCTEIN,USDA_fdc_id:1342,USDA_nutrient_nbr:712
CDNO:0200378,glucoside,,,
CDNO:0200379,daidzein 7-O-β-D-glucoside,,,
CDNO:0200380,genistein 7-O-β-D-glucoside,INFOODs:GNSTIN,,
CDNO:0200381,glycitin,INFOODs:GLYCTN,USDA_fdc_id:2051,USDA_nutrient_nbr:719
CDNO:0200382,glycosyloxyisoflavone,,,
CDNO:0200383,malonyldaidzin,INFOODs:DAIDZNM,,
CDNO:0200384,malonylgenistin,INFOODs:GNSTINM,,
CDNO:0200385,malonylglycitin,INFOODs:GLYCTNM,,
CDNO:0200386,glycitein 7-(6-O-acetyl-β-D-glucoside),INFOODs:GLYCTNA,,
CDNO:0200387,rotenoid,,,
CDNO:0200388,coumestans,,,
CDNO:0200389,coumestan,,,
CDNO:0200390,coumestrol,INFOODs:COUMEST,USDA_fdc_id:1346,USDA_nutrient_nbr:716
CDNO:0200391,3-arylcoumarin,,,
CDNO:0200392,pterocarpans,,,
CDNO:0200393,pterocarpan,,,
CDNO:0200394,(−)-phaseolin,,,
CDNO:0200395,(+)-pisatin,,,
CDNO:0200396,neoflavonoid,,,
CDNO:0200397,biflavonoid,,,
CDNO:0200398,phenylpropanoid,,,
CDNO:0200399,lignan,INFOODs:LIGNANS,,
CDNO:0200400,"3,5,7-trihydroxy-2-[3-(4-hydroxy-3-methoxyphenyl)-2-(hydroxymethyl)-2,3-dihydro-1,4-benzodioxin-6-yl]-3,4-dihydro-2H-1-benzopyran-4-one",,,
CDNO:0200401,neolignan,,,
CDNO:0200402,lignin,INFOODs:LIGN,USDA_fdc_id:1080,USDA_nutrient_nbr:292
CDNO:0200403,Melanin,,,
CDNO:0200404,catechol melanin,,,
CDNO:0200405,allomelanin,,,
CDNO:0200406,terpenoid,,,
CDNO:0200407,monoterpenoid,,,
CDNO:0200408,sesquiterpenoid,,,
CDNO:0200409,diterpenoid,,,
CDNO:0200410,xanthophyll,,,
CDNO:0200411,zeaxanthin,INFOODs:ZEA,USDA_fdc_id:1119,USDA_nutrient_nbr:338.2
CDNO:0200412,α-cryptoxanthin,INFOODs:CRYPXA,USDA_fdc_id:2032,USDA_nutrient_nbr:335
CDNO:0200413,β-cryptoxanthin,,USDA_fdc_id:1120,USDA_nutrient_nbr:334
CDNO:0200414,lutein,INFOODs:LUTN,USDA_fdc_id:1121,USDA_nutrient_nbr:338.1
CDNO:0200415,phytoene,,USDA_fdc_id:1116,USDA_nutrient_nbr:330
CDNO:0200416,neoxanthin,INFOODs:NEOX,,
CDNO:0200417,violaxanthin,INFOODs:VIOLX,,
CDNO:0200418,lycopene,INFOODs:LYCPN,USDA_fdc_id:1122,USDA_nutrient_nbr:337
CDNO:0200419,"7,7',9,9'-tetra-cis-lycopene",,USDA_fdc_id:1160,USDA_nutrient_nbr:337.1
CDNO:0200420,retinol,INFOODs:RETOL,USDA_fdc_id:1105,USDA_nutrient_nbr:319
CDNO:0200421,triterpenoid,,,
CDNO:0200422,organic acid,INFOODs:OA,USDA_fdc_id:1025,USDA_nutrient_nbr:229
CDNO:0200423,acetic acid,INFOODs:ACEAC,USDA_fdc_id:1026,USDA_nutrient_nbr:230
CDNO:0200424,citric acid,INFOODs:CITAC,USDA_fdc_id:1032,USDA_nutrient_nbr:236
CDNO:0200425,2-hydroxypropanoic acid,INFOODs:LACAC,USDA_fdc_id:1038,USDA_nutrient_nbr:243
CDNO:0200426,(R)-lactic acid,INFOODs:LACACD,USDA_fdc_id:1038,USDA_nutrient_nbr:244
CDNO:0200427,(S)-lactic acid,INFOODs:LACACL,USDA_fdc_id:1038,USDA_nutrient_nbr:245
CDNO:0200428,malic acid,INFOODs:MALAC,USDA_fdc_id:1039,USDA_nutrient_nbr:243
CDNO:0200429,malonic¬†acid,,,
CDNO:0200430,ascorbic acid,,,
CDNO:0200431,L-dehydroascorbic acid,,,
CDNO:0200432,oxalic acid,INFOODs:OXALAC,USDA_fdc_id:1041,USDA_nutrient_nbr:245
CDNO:0200433,myo-inositol hexakisphosphate,INFOODs:IP6,,
CDNO:0200434,quinic acid,INFOODs:QUINAC,USDA_fdc_id:1044,USDA_nutrient_nbr:248
CDNO:0200435,pyruvic acid,INFOODs:PYRAC,USDA_fdc_id:1043,USDA_nutrient_nbr:247
CDNO:0200436,shikimic acid,INFOODs:SHIKAC,,
CDNO:0200437,succinic acid,INFOODs:SUCAC,USDA_fdc_id:1046,USDA_nutrient_nbr:250
CDNO:0200438,tartaric acid,INFOODs:TARAC,USDA_fdc_id:1047|USDA_fdc_id:1048,USDA_nutrient_nbr:251|USDA_nutrient_nbr:252
CDNO:0200439,isocitric acid,INFOODs:ISOCAC,USDA_fdc_id:1037,USDA_nutrient_nbr:241
CDNO:0200440,oxaloacetic acid,INFOODs:OXACAC,USDA_fdc_id:1040,USDA_nutrient_nbr:244
CDNO:0200441,inositol,INFOODs:INOTL,USDA_fdc_id:1181,USDA_nutrient_nbr:422
CDNO:0200442,taurine,,USDA_fdc_id:1234,USDA_nutrient_nbr:529
CDNO:0200443,glycine betaine,INFOODs:BETN,,
CDNO:0200444,polyol,INFOODs:POLYL,,
CDNO:0200445,mannitol,INFOODs:MANTL,USDA_fdc_id:1055,USDA_nutrient_nbr:260
CDNO:0200446,xylitol,INFOODs:XYLTL,USDA_fdc_id:1078,USDA_nutrient_nbr:290
CDNO:0200447,glucitol,,,
CDNO:0200448,choline,INFOODs:CHOLN|INFOODs:CHOLNF,USDA_fdc_id:1180|USDA_fdc_id:1194,USDA_nutrient_nbr:421|USDA_nutrient_nbr:450
CDNO:0200449,polyunsaturated fatty acid,INFOODs:FAPU|INFOODs:FAPULC,USDA_fdc_id:1293,USDA_nutrient_nbr:646
CDNO:0200450,glucomannan,INFOODs:GLUMN|INFOODs:GLUMNM,,
CDNO:0200451,glycerol,INFOODs:GLYRL,,
CDNO:0200452,triglyceride,,,
CDNO:0200453,xyloglucan,,,
CDNO:0200454,arabinan,INFOODs:ARAN,,
CDNO:0200455,galacturonan,,,
CDNO:0200456,monounsaturated fatty acid,,USDA_fdc_id:1292,USDA_nutrient_nbr:645
CDNO:0200457,rhamnogalacturonan,,,
CDNO:0200458,saturated fatty acid,INFOODs:FASAT,USDA_fdc_id:1258,USDA_nutrient_nbr:606
CDNO:0200459,galactomannan,INFOODs:GALMN|INFOODs:GALMNM,,
CDNO:0200460,amylopectin,INFOODs:AMYP,USDA_fdc_id:1016,USDA_nutrient_nbr:219
CDNO:0200461,amylose,INFOODs:AMYS,USDA_fdc_id:1015,USDA_nutrient_nbr:218
CDNO:0200462,arabinoxylan,,,
CDNO:0200463,mannan,INFOODs:MANN,,
CDNO:0200464,amino acid,,USDA_fdc_id:2042,USDA_nutrient_nbr:500
CDNO:0200465,fatty acid,,,
CDNO:0200466,galactan,INFOODs:GALTN,,
CDNO:0200467,xylan,INFOODs:XYLN,,
CDNO:0200468,glucan,,,
CDNO:0200469,amylopectin derived from starch,INFOODs:AMYP,,
CDNO:0200470,amylose derived from starch,INFOODs:AMYS,,
CDNO:0200471,galacturonan derived from pectin,,,
CDNO:0200472,rhamnogalacturonan derived from pectin,,,
CDNO:0200473,mannan derived from hemicellulose,INFOODs:MANN,,
CDNO:0200474,xylan derived from hemicellulose,INFOODs:XYLN,,
CDNO:0200475,xyloglucan derived from hemicellulose,,,
CDNO:0200476,glucomannan derived from hemicellulose,INFOODs:GLUMNM,,
CDNO:0200477,arabinoxylan derived from hemicellulose,,,
CDNO:0200478,fructan derived from hemicellulose,INFOODs:FRUTN,,
CDNO:0200479,arabinan derived from hemicellulose,INFOODs:ARAN,,
CDNO:0200480,galactomannan derived from hemicellulose,INFOODs:GALMN,,
CDNO:0200481,galactan derived from hemicellulose,INFOODs:GALTN,,
CDNO:0200482,glucose derived from amylopectin derived from starch,INFOODs:GLUS,USDA_fdc_id:1011,USDA_nutrient_nbr:211
CDNO:0200483,glucose derived from amylose derived from starch,INFOODs:GLUS,USDA_fdc_id:1011,USDA_nutrient_nbr:211
CDNO:0200484,glucose derived from sucrose,INFOODs:GLUS,USDA_fdc_id:1011,USDA_nutrient_nbr:211
CDNO:0200485,fructose derived from sucrose,INFOODs:FRUS,USDA_fdc_id:1012,USDA_nutrient_nbr:212
CDNO:0200486,glucose derived from maltose,INFOODs:GLUS,USDA_fdc_id:1011,USDA_nutrient_nbr:211
CDNO:0200487,galacturonic acid derived from galacturonan derived from pectin,INFOODs:GALAAC,,
CDNO:0200488,rhamnose derived from rhamnogalacturonan derived from pectin,INFOODs:RHAS,,
CDNO:0200489,D-apiose derived from rhamnogalacturonan derived from pectin,,,
CDNO:0200490,galacturonic acid derived from rhamnogalacturonan derived from pectin,INFOODs:GALAAC,,
CDNO:0200491,fucose derived from rhamnogalacturonan derived from pectin,INFOODs:FUCOS,,
CDNO:0200492,xylose derived from rhamnogalacturonan derived from pectin,INFOODs:XYLFB,,
CDNO:0200493,arabinose derived from rhamnogalacturonan derived from pectin,INFOODs:ARAS,,
CDNO:0200494,galactose derived from rhamnogalacturonan derived from pectin,INFOODs:GALS,USDA_fdc_id:1075,USDA_nutrient_nbr:287
CDNO:0200495,raffinose derived from raffinose family oligosaccharide,INFOODs:RAFS,,
CDNO:0200496,galactose derived from raffinose derived from raffinose family oligosaccharide,INFOODs:GALS,USDA_fdc_id:1075,USDA_nutrient_nbr:287
CDNO:0200497,glucose derived from raffinose derived from raffinose family oligosaccharide,INFOODs:GLUS,USDA_fdc_id:1011,USDA_nutrient_nbr:211
CDNO:0200498,fructose derived from raffinose derived from raffinose family oligosaccharide,INFOODs:FRUS,USDA_fdc_id:1012,USDA_nutrient_nbr:212
CDNO:0200499,stachyose derived from raffinose family oligosaccharide,INFOODs:STAS,,
CDNO:0200500,galactose derived from stachyose derived from raffinose family oligosaccharide,INFOODs:GALS,USDA_fdc_id:1075,USDA_nutrient_nbr:287
CDNO:0200501,glucose derived from stachyose derived from raffinose family oligosaccharide,INFOODs:GLUS,USDA_fdc_id:1011,USDA_nutrient_nbr:211
CDNO:0200502,fructose derived from stachyose derived from raffinose family oligosaccharide,INFOODs:FRUS,USDA_fdc_id:1012,USDA_nutrient_nbr:212
CDNO:0200503,verbascose derived from rraffinose family oligosaccharide,INFOODs:VERS,,
CDNO:0200504,galactose derived from verbascose derived from raffinose family oligosaccharide,INFOODs:GALS,USDA_fdc_id:1075,USDA_nutrient_nbr:287
CDNO:0200505,glucose derived from verbascose derived from raffinose family oligosaccharide,INFOODs:GLUS,USDA_fdc_id:1011,USDA_nutrient_nbr:211
CDNO:0200506,fructose derived from verbascose derived from raffinose family oligosaccharide,INFOODs:FRUS,USDA_fdc_id:1012,USDA_nutrient_nbr:212
CDNO:0200507,glucose derived from cellulose,INFOODs:GLUFB,USDA_fdc_id:1011,USDA_nutrient_nbr:211
CDNO:0200508,mannose derived from mannan derived from hemicellulose,INFOODs:MANFB,,
CDNO:0200509,glucose derived from xylan derived from hemicellulose,INFOODs:GLUFB,USDA_fdc_id:1011,USDA_nutrient_nbr:211
CDNO:0200510,xylose derived from xylan derived from hemicellulose,INFOODs:XYLFB,,
CDNO:0200511,glucose derived from xyloglucan derived from hemicellulose,INFOODs:GLUFB,USDA_fdc_id:1011,USDA_nutrient_nbr:211
CDNO:0200512,xylose derived from xyloglucan derived from hemicellulose,INFOODs:XYLFB,,
CDNO:0200513,glucose derived from glucomannan derived from hemicellulose,INFOODs:GLUFB,USDA_fdc_id:1011,USDA_nutrient_nbr:211
CDNO:0200514,mannose derived from glucomannan derived from hemicellulose,INFOODs:MANFB,,
CDNO:0200515,arabinose derived from arabinoxylan derived from hemicellulose,INFOODs:ARAFB,,
CDNO:0200516,xylose derived from arabinoxylan derived from hemicellulose,INFOODs:XYLFB,,
CDNO:0200517,inulin derived from fructan,INFOODs:INULN,USDA_fdc_id:1403,USDA_nutrient_nbr:806
CDNO:0200518,fructose derived from inulin derived from fructan,INFOODs:FRUS,USDA_fdc_id:1012,USDA_nutrient_nbr:212
CDNO:0200519,amino acid derived from protein,,,
CDNO:0200689,dextrins,INFOODs:DEXTN,,
CDNO:0200690,maltodextrin,INFOODs:MALTDEX,,
CDNO:0200691,cyclodextrin,,,
CDNO:0200692,amylodextrin,,,
CDNO:0200693,cellodextrin,,,
CDNO:0200694,gum,INFOODs:GUMS,,
CDNO:0200695,heteroglycan,,,
CDNO:0200696,alginic acid,,,
CDNO:0200697,carrageenan,,,
CDNO:0200698,ι-carrageenan,,,
CDNO:0200699,κ-carrageenan,,,
CDNO:0200700,λ-carrageenan,,,
CDNO:0200701,xanthan,,,
CDNO:0200702,ketose,,,
CDNO:0200703,ketohexose,,,
CDNO:0200704,psicose,,,
CDNO:0200706,maltitol,INFOODs:MALTL,,
CDNO:0200711,lactitol,INFOODs:LACTL,,
CDNO:0200712,isomalt,INFOODs:ISOMALT,,
CDNO:0200713,erythritol,INFOODs:ERYTHL,,
CDNO:0200714,alditol,,,
CDNO:0200717,sialic acid,,,
CDNO:0200718,Polydextrose,,,
CDNO:0200719,chitosan,,,
CDNO:0200781,serotonin,,,
CDNO:0200782,dopamine 3-O-sulfate,,,
CDNO:0200783,gentisyl alcohol,,,
CDNO:0200784,quinol sulfate,,,
CDNO:0200785,biphenyl-2-ol,,,
CDNO:0200786,"(3,4-dihydroxyphenyl)acetic acid ",,,
CDNO:0200787,"3,4-dihydroxybenzoic acid ",,,
CDNO:0200788,4-methylcatechol ,,,
CDNO:0200789,3-methylcatechol ,,,
CDNO:0200790,"3,4-dihydroxyphenylethyleneglycol ",,,
CDNO:0200791,3-phenylpropionic acid ,,,
CDNO:0200792,3-O-methylgallic acid ,,,
CDNO:0200793,anthoxanthin ,,,
CDNO:0200794,flavones,,,
CDNO:0200795,diosmetin,,USDA_fdc_id:1381,USDA_nutrient_nbr:772
CDNO:0200796,myricetin,,USDA_fdc_id:1390,USDA_nutrient_nbr:788
CDNO:0200797,hydroxyflavone ,,,
CDNO:0200798,luteolin 7-O-neohesperidoside ,,,
CDNO:0200799,isopimpinellin ,,,
CDNO:0200800,kaempferol 3-O-beta-D-glucoside ,,,
CDNO:0200801,rutin ,,,
CDNO:0200802,naringenin 7-O-β-D-glucoside ,,,
CDNO:0200803,luteolin 7-O-beta-D-glucoside ,,,
CDNO:0200804,quercetin 3-O-beta-D-glucofuranoside ,,,
CDNO:0200805,luteolin 7-O-beta-D-glucosiduronic acid ,,,
CDNO:0200806,apigenin 7-O-beta-D-glucoside ,,,
CDNO:0200807,quercitrin ,,,
CDNO:0200808,(S)-naringenin ,,,
CDNO:0200809,galangin ,,,
CDNO:0200810,kaempferide ,,,
CDNO:0200811,luteolin 7-O-(6-O-malonyl-β-D-glucoside) ,,,
CDNO:0200812,"quercetin 3,4'-di-O-β-D-glucoside",,,
CDNO:0200813,"quercetin 7,4'-di-O-β-D-glucoside ",,,
CDNO:0200814,kaempferol 3-O-β-D-glucosyl-(1→2)-β-D-glucoside,,,
CDNO:0200815,quercetin 3-O-β-D-glucosyl-(1→2)-β-D-glucoside,,,
CDNO:0200816,isorhamnetin ,,USDA_fdc_id:1387,USDA_nutrient_nbr:785
CDNO:0200817,quercetin 3-O-β-D-galactopyranoside ,,,
CDNO:0200818,"4',5,7-trihydroxy-3'-methoxyflavone ",,,
CDNO:0200819,kaempferol 3-O-β-D-galactoside ,,,
CDNO:0200820,fisetin ,,,
CDNO:0200821,"3',5'-di-O-methyltricetin ",,,
CDNO:0200822,lucenin-2 ,,,
CDNO:0200823,quercetin 3-O-β-D-glucopyranoside ,,,
CDNO:0200824,kaempferol 3-O-glucuronide ,,,
CDNO:0200825,quercetin 4ʼ-O-β-D-glucopyranoside ,,,
CDNO:0200826,flavonols ,,USDA_fdc_id:1386,USDA_nutrient_nbr:784
CDNO:0200827,isoorientin ,,,
CDNO:0200828,miquelianin ,,,
CDNO:0200829,eupatilin ,,,
CDNO:0200830,cyanin ,,,
CDNO:0200831,"galangin 3,5,7-trimethyl ether",,,
CDNO:0200832,anthocyanin cation,,,
CDNO:0200833,Tulipanin ,,,
CDNO:0200834,petunidin ,,USDA_fdc_id:1361,USDA_nutrient_nbr:746
CDNO:0200835,Dalbergin ,,,
CDNO:0200836,pelargonidin 3-O-beta-D-glucoside,,,
CDNO:0200837,peonidin 3-O-β-D-glucoside,,,
CDNO:0200838,isoliquiritigenin ,,,
CDNO:0200839,trilobatin ,,,
CDNO:0200840,"3,6,9-trihydroxypterocarpan",,,
CDNO:0200841,phaseollidin ,,,
CDNO:0200842,delphinidin chloride ,,,
CDNO:0200843,pelargonidin chloride ,,,
CDNO:0200844,peonidin chloride,,,
CDNO:0200845,delphinidin,,USDA_fdc_id:1357,USDA_nutrient_nbr:741
CDNO:0200846,peonidin ,,USDA_fdc_id:1360,USDA_nutrient_nbr:745
CDNO:0200847,hydroxyflavanone ,,,
CDNO:0200848,astilbin ,,,
CDNO:0200849,flavanonol,,,
CDNO:0200850,(+)-taxifolin ,,,
CDNO:0200851,garbanzol ,,,
CDNO:0200852,liquiritigenin ,,USDA_fdc_id:1376,USDA_nutrient_nbr:761
CDNO:0200853,betagarin ,,,
CDNO:0200854,(+)-catechin,,,
CDNO:0200855,Cyclokievitone ,,,
CDNO:0200856,equol ,,,
CDNO:0200857,Sayanedine ,,,
CDNO:0200858,formononetin ,,USDA_fdc_id:1345,USDA_nutrient_nbr:715
CDNO:0200859,methoxyisoflavone ,,,
CDNO:0200860,Irisolidone ,,,
CDNO:0200861,biochanin A ,,USDA_fdc_id:1344,USDA_nutrient_nbr:714
CDNO:0200862,2'-hydroxyformononetin ,,,
CDNO:0200863,calycosin ,,,
CDNO:0200864,"4',6,7-trihydroxyisoflavone",,,
CDNO:0200865,orobol ,,,
CDNO:0200866,irilone ,,,
CDNO:0200867,"3',4',7-trihydroxyisoflavone ",,,
CDNO:0200868,prunetin ,,,
CDNO:0200869,2'-hydroxydaidzein ,,,
CDNO:0200870,licoisoflavone A ,,,
CDNO:0200871,genistein(1−),,,
CDNO:0200872,sanguiin H6 ,,,
CDNO:0200873,lambertianin C ,,,
CDNO:0200874,punicalagin ,,,
CDNO:0200875,Punicalin ,,,
CDNO:0200876,agrimoniin ,,,
CDNO:0200877,theogallin ,,,
CDNO:0200878,cinnamtannin B-1 ,,,
CDNO:0200879,theasinensin A ,,,
CDNO:0200880,arecatannin a2 ,,,
CDNO:0200881,Schisantherin A ,,,
CDNO:0200882,Terminalin ,,,
CDNO:0200883,(-)-Variabilin ,,,
CDNO:0200884,Casuarictin ,,,
CDNO:0200885,Casuarinin ,,,
CDNO:0200886,Chebulinic acid ,,,
CDNO:0200887,Fucofuroeckol B ,,,
CDNO:0200888,Geraniin ,,,
CDNO:0200889,Pedunculagin ,,,
CDNO:0200890,Tellimagrandin I ,,,
CDNO:0200891,4-hydroxybenzoic acid ,,,
CDNO:0200892,3-hydroxybenzoic acid ,,,
CDNO:0200893,"2,3-dihydroxybenzoic acid ",,,
CDNO:0200894,"2,5-dihydroxybenzoic acid ",,,
CDNO:0200895,"2,6-dihydroxybenzoic acid ",,,
CDNO:0200896,"2,4,6-Trihydroxybenzoic acid ",,,
CDNO:0200897,3-hydroxy-4-methoxybenzoic acid ,,,
CDNO:0200898,n-propyl gallate ,,,
CDNO:0200899,resveratrol ,,,
CDNO:0200900,pterostilbene ,,,
CDNO:0200901,coumarin ,,,
CDNO:0200902,umbelliferone ,,,
CDNO:0200903,trans-4-coumaric acid ,,,
CDNO:0200904,trans-3-coumaric acid,,,
CDNO:0200905,trans-caffeic acid ,,,
CDNO:0200906,rosmarinic acid ,,,
CDNO:0200907,(R)-rosmarinic acid ,,,
CDNO:0200908,cis-caffeic acid ,,,
CDNO:0200909,Trachelogenin ,,,
CDNO:0200910,isoeugenol ,,,
CDNO:0200911,4-methylumbelliferone β-D-glucuronide,,,
CDNO:0200912,4-methylumbelliferone sulfate,,,
CDNO:0200913,7-ethoxycoumarin ,,,
CDNO:0200914,esculin ,,,
CDNO:0200915,scoparone ,,,
CDNO:0200916,coniferyl aldehyde ,,,
CDNO:0200917,cinnamaldehydes,,,
CDNO:0200918,theophylline ,,USDA_fdc_id:1083,USDA_nutrient_nbr:296
CDNO:0200919,solanine ,,,
CDNO:0200920,tomatine ,,,
CDNO:0200921,piperine ,,USDA_fdc_id:1054,USDA_nutrient_nbr:259
CDNO:0200922,gingerol ,,,
CDNO:0200923,harman ,,,
CDNO:0200924,hordenine ,,,
CDNO:0200925,Isobetanin ,,,
CDNO:0200926,Physoperuvine ,,,
CDNO:0200927,Prebetanin ,,,
CDNO:0200928,trans-4-hydroxy-L-proline betaine,,,
CDNO:0200929,humulone ,,,
CDNO:0200930,Rishitin ,,,
CDNO:0200931,"propane-1,2-diol ",,,
CDNO:0200932,myo-inositol,,,
CDNO:0200933,farnesol ,,,
CDNO:0200934,capsidiol ,,,
CDNO:0200935,Cynaropicrin ,,,
CDNO:0200936,Isocaryophyllene ,,,
CDNO:0200937,(+)-valencene,,,
CDNO:0200938,Lactupicrin ,,,
CDNO:0200939,Matricin ,,,
CDNO:0200940,Nobilin ,,,
CDNO:0200941,(+)-nootkatone ,,,
CDNO:0200942,lactucopicrin ,,,
CDNO:0200943,Tricyclodehydroisohumulone,,,
CDNO:0200944,crocetin ,,,
CDNO:0200945,Ineketone ,,,
CDNO:0200946,Norbixin ,,,
CDNO:0200947,Phaseoloside D ,,,
CDNO:0200948,stevioside ,,,
CDNO:0200949,steviol glycoside ,,,
CDNO:0200950,Carnosol ,,,
CDNO:0200951,carnosic acid,,,
CDNO:0200952,sesterterpenoid ,,,
CDNO:0200953,Avenacin B-2,,,
CDNO:0200954,glycyrrhetinic acid ,,,
CDNO:0200955,betulinic acid ,,,
CDNO:0200956,Cucurbitacin C ,,,
CDNO:0200957,diosgenin,,,
CDNO:0200958,erythrodiol ,,,
CDNO:0200959,(20S)-ginsenoside Rg3,,,
CDNO:0200960,nomilin ,,,
CDNO:0200961,Obacunone ,,,
CDNO:0200962,ginsenoside Rg2 ,,,
CDNO:0200963,ginsenoside Rb2 ,,,
CDNO:0200964,ginsenoside Rc,,,
CDNO:0200965,soyasapogenol B ,,,
CDNO:0200966,Soyasaponin A1,,,
CDNO:0200967,ursolic acid ,,,
CDNO:0200968,all-trans-phytoene ,,,
CDNO:0200969,"lutein 5,6-epoxide",,,
CDNO:0200970,antheraxanthin ,,,
CDNO:0200971,all-trans-neoxanthin ,,,
CDNO:0200972,canthaxanthin ,,,
CDNO:0200973,capsanthin ,,,
CDNO:0200974,capsorubin ,,,
CDNO:0200975,all-trans-violaxanthin ,,,
CDNO:0200976,astaxanthin ,,,
CDNO:0200977,echinenone ,,,
CDNO:0200978,Flavoxanthin ,,,
CDNO:0200979,fucoxanthin ,,,
CDNO:0200980,lactucaxanthin ,,,
CDNO:0200981,zeinoxanthin ,,,
CDNO:0200982,lycoxanthin ,,,
CDNO:0200983,Mutatochrome ,,,
CDNO:0200984,Physalien ,,,
CDNO:0200985,rubixanthin ,,,
CDNO:0200986,paeoniflorin ,,,
CDNO:0200987,Yamogenin ,,,
CDNO:0200988,rebaudioside A,,,
CDNO:0200989,rebaudioside B(1−),,,
CDNO:0200990,rebaudioside E ,,,
CDNO:0200991,rebaudioside D ,,,
CDNO:0200992,retinal ,,,
CDNO:0200993,13-cis-retinal,,,
CDNO:0200994,(R)-camphor ,,,
CDNO:0200995,(+)-exo-5-hydroxycamphor,,,
CDNO:0200996,(+)-carvone,,,
CDNO:0200997,perillyl alcohol ,,,
CDNO:0200998,(S)-(-)-perillyl alcohol,,,
CDNO:0200999,glycyrrhizinic acid,,,
CDNO:0201000,limonin ,,,
CDNO:0201001,"(1S,4R)-fenchone",,,
CDNO:0201002,"limonene-1,2-diol ",,,
CDNO:0201003,phytol ,,,
CDNO:0201004,"2-trans,6-trans-farnesyl diphosphate ",,,
CDNO:0201005,geraniol ,,,
CDNO:0201006,all-trans-retinal ,,,
CDNO:0201007,absinthin ,,,
CDNO:0201008,myrtenic acid ,,,
CDNO:0201009,avenacin A-1 ,,,
CDNO:0201010,lubimin ,,,
CDNO:0201011,"1,8-cineole ",,,
CDNO:0201012,borneol ,,,
CDNO:0201013,Azukisaponin III ,,,
CDNO:0201014,"(2E,6E)-farnesyl monophosphate ",,,
CDNO:0201015,soyasaponin I ,,,
CDNO:0201016,Spinasaponin A ,,,
CDNO:0201017,Theasaponin ,,,
CDNO:0201018,(−)-α-thujone ,,,
CDNO:0201019,phloretic acid,,,
CDNO:0201020,amino acid derived from non-proteinacious,,,
CDNO:0201021,citrulline ,,,
CDNO:0201022,ornithine ,,,
CDNO:0201023,glucosinolate ,,,
CDNO:0201024,glucoberteroin(1-) ,,,
CDNO:0201025,glucocapparin(1-) ,,,
CDNO:0201026,glucocochlearin(1-) ,,,
CDNO:0201027,glucoerucin(1-),,,
CDNO:0201028,glucoiberverin(1-),,,
CDNO:0201029,gluconapin(1-) ,,,
CDNO:0201030,gluconapoleiferin(1-),,,
CDNO:0201031,gluconasturtiin(1-),,,
CDNO:0201032,glucoputranjivin(1-) ,,,
CDNO:0201033,glucoraphenin(1-) ,,,
CDNO:0201034,glucobrassicin(1-) ,,,
CDNO:0201035,progoitrin(1−),,,
CDNO:0201036,Sinalbin ,,,
CDNO:0201037,sinigrin(1-) ,,,
CDNO:0201038,diarylheptanoid ,,,
CDNO:0201039,myricanone ,,,
CDNO:0201040,high molecular weight dietary fibre,,,
CDNO:0201041,fermentable dietary fibre,,,
CDNO:0201042,non-fermentable dietary fibre,,,
CDNO:0201043,viscous dietary fibre,,,
CDNO:0201044,added dietary fibre,,,
CDNO:0201045,prebiotic dietary fibre,,,
CDNO:0201046,soluble dietary fibre precipitate (SDFP),,,
CDNO:0201047,soluble dietary fibre soluble (SDFS),,,
CDNO:0201048,low molecular weight dietary fibre,,,